株式会社横河NSエンジニアリング,1級土木施工管理技士,愛知県,年収400万円～800万円,9時間前,建設・設備求人データベース
ワンダープラネット株式会社,開発エンジニア／代表作RPG「クラッシュフィーバー」1000...,名古屋市 栄駅,年収350万円～600万円,7時間前,doda
株式会社テクノア,開発／プログラマー・システムエンジニア,岐阜市 西岐阜駅 徒歩8分,"月給21万7,500円～40万円",8時間前,ジンサポ！ギフ
アクサス株式会社 Recruitment,IoTとデジタルマーケティングデータを利用した開発エンジニア,名古屋市 国際センター駅,公開していません,13時間前,アクサス株式会社Recruitment
株式会社VSN,組込みソフトウェア開発エンジニア,三重県,月給27万円～53万円,15時間前,en ミドルの転職
オムロンエキスパートリンク株式会社,ソフトウェア開発:オムロングループのエンジニアリング企業 年...,愛知県 小牧市,年収500万円～700万円,14時間前,en ミドルの転職
株式会社オプティマインド,"""ラストワンマイル×AI""アルゴリズム開発エンジニア",名古屋市 伏見駅 徒歩4分,月給30万円～58万円,3時間前,JOB
光和マイクロプロジェクト,愛知 交通事故防止システム開発エンジニア,刈谷市 刈谷駅,年収400万円～,14時間前,光和マイクロプロジェクト
トランコムITS株式会社,開発エンジニア,名古屋市 新栄町駅,月給24万円～50万円,14時間前,トランコムITS株式会社
株式会社オーエスピー,航空機開発エンジニア,三重県,"月給19万7,600円～65万8,500円",14時間前,株式会社オーエスピー
株式会社ペリテック,テスター開発のシステムエンジニア LabVIEWを使います／...,刈谷市 東刈谷駅 徒歩7分,月給30万円～45万円,14時間前,株式会社ペリテック
ドリームスデザイン株式会社 トヨタ紡織株式会社 ...,自動車部品の設計・開発エンジニア,豊田市 四郷駅,年収270万円～520万円,14時間前,ドリームスデザイン株式会社
株式会社ネットワークテクノス,ソフトウェア開発エンジニア,名古屋市 丸の内駅,"月給23万6,800円",14時間前,株式会社ネットワークテクノス
株式会社PANA R&D,受託率40%東証1部上場グループの中核技術サービス企業／全国...,三重県,年収400万円～600万円,14時間前,en ミドルの転職
パーソルテクノロジースタッフ株式会社,MBDエンジニア 企業数約1600社!約2万件プロジェクト／...,愛知県,年収400万円～600万円,14時間前,en ミドルの転職
シンクレイヤ株式会社,移住支援金対象,可児市 可児駅 車11分,"月給22万5,600円～40万4,000円",8時間前,ジンサポ！ギフ
株式会社クレス,大手企業の社内SE,豊田市 三河豊田駅 徒歩10分,年収450万円～600万円,14時間前,株式会社クレス
株式会社フォイス,プログラマ,名古屋市 名古屋駅,年収300万円～,14時間前,株式会社フォイス
三菱ケミカルエンジニアリング株式会社,建築エンジニア,三重県 四日市市,年収500万円～900万円,9時間前,建設・設備求人データベース
株式会社アメディア 自動車部品メーカー等,機械設計職,愛知県 稲沢市,年収250万円～600万円,14時間前,株式会社アメディア
トーテックフロンティア株式会社,第二新卒歓迎 モノづくりエンジニア,三重県,年収250万円～450万円,14時間前,Re就活
テクノシステム株式会社,システムエンジニア募集!／移住支援金対象,豊橋市 豊橋駅,"月給21万5,000円～29万1,000円",8時間前,あいちUIJターン支援センター
株式会社メイテック,営業,岐阜県 岐阜市,年収660万円～720万円,4時間前,doda
フォーザウィン株式会社,未経験歓迎 希望勤務地考慮:首都圏・大阪・東海,名古屋市 伏見駅,年収240万円～,14時間前,フォーザウィン株式会社
株式会社シティクラフト,ITアーキテクト,名古屋市 伏見駅 徒歩3分,年収300万円～500万円,14時間前,Re就活
株式会社GAFS,自動車用組み込系制御ソフト開発,愛知県 刈谷市,"月給28万5,000円～",3時間前,JOB
株式会社エルハンド,システムエンジニア、プログラマー募集!“社員想い”の社長とは...,名古屋市 矢場町駅 徒歩3分,"月給18万5,000円～40万円",8時間前,あいちUIJターン支援センター
株式会社サンコーテクノ,創業以来自動車の開発設計業務を中心に事業を展開しています。”...,愛知県 岡崎市,"月給20万3,500円～21万8,500円",8時間前,あいちUIJターン支援センター
株式会社タクス,制御系システムに強いエンジニア募集,名古屋市 千種駅 徒歩5分,月給19万円～,14時間前,株式会社タクス
株式会社アテック,第二新卒歓迎 AUTOSARエンジニア,愛知県 名古屋市,年収400万円～600万円,14時間前,Re就活
PwCあらた有限責任監査法人,IT リスク・コントロールアドバイザリー ～IT知識を活かし...,名古屋市 名駅,年収529万円～900万円,6時間前,doda
トレノケート株式会社,インストラクター,名古屋市 中区,年収400万円～600万円,23時間前,ワークポート
矢作建設工業株式会社,設備施工管理,名古屋市 東区,年収500万円～700万円,6時間前,建設・設備求人データベース
株式会社Works Human Intellig...,プロジェクトコンサルタント／提案先は官公庁や大手企業が中心,名古屋市 伏見駅 徒歩5分,"月給30万7,143円～",5時間前,doda
カコムス株式会社,SE 残業月18時間程度!独自の福利厚生・待遇が多数,名古屋市 中区,年収380万円～650万円,14時間前,カコムス株式会社
株式会社ビズウインド,WEBエンジニア,名古屋市 名古屋駅,年収300万円～350万円,14時間前,株式会社ビズウインド
株式会社イデア,愛知県内で「一生活躍出来るエンジニア」へ!社内／社外研修制度...,愛知県 安城市,月給18万円～50万円,8時間前,あいちUIJターン支援センター
株式会社ユニテツク,制御系・業務系のシステムエンジニア募集,大垣市 東大垣駅 徒歩10分,月給18万円～40万円,8時間前,ジンサポ！ギフ
株式会社FERNET,オープン系システムエンジニア,愛知県 名古屋市,月給19万円～35万円,9時間前,転職ナビ
株式会社ITCS,システムエンジニア,名古屋市 名古屋駅 徒歩7分,年収400万円～800万円,14時間前,株式会社ITCS
株式会社オープンセサミ・テクノロジー,SE・プログラマの募集!／移住支援金対象,名古屋市 ささしまライブ駅,月給20万円～50万円,8時間前,あいちUIJターン支援センター
有限会社キーノスロジック,IT営業 初の営業募集／業界経験不問／月給30万円以上／残業...,名古屋市 一社駅 徒歩3分,年収450万円～,14時間前,有限会社キーノスロジック
株式会社ラック,セキュリティコンサルタント,名古屋市 久屋大通駅,年収500万円～800万円,3時間前,doda
アビームシステムズ株式会社,SAPエンジニア,名古屋市 堀田駅,年収410万円～830万円,6時間前,doda
株式会社オフィスエフエイ・コム,ロボットエンジニア／AI・IoT・ロボティクスのリーディング...,愛知県 刈谷市,月給35万円～100万円,15時間前,en ミドルの転職
トヨタ自動車株式会社,MaaS車両 運行管理システム開発,愛知県 豊田市,公開していません,8時間前,en ミドルの転職
株式会社日本アムスコ,コロナに負けずに採用中 CAEエンジニア 理系歓迎／神戸・名...,名古屋市 久屋大通駅 徒歩1分,年収400万円～500万円,9時間前,en ミドルの転職
東海ソフト株式会社,制御・組込エンジニア,名古屋市 西区,年収350万円～550万円,4時間前,doda
株式会社大林組,構造設計 ～東京スカイツリーなど時代や文化のシンボルを手掛け...,名古屋市 栄駅,年収500万円～900万円,5時間前,doda
AGCテクノロジーソリューションズ株式会社,第二新卒可／フレックス,愛知県 武豊町,年収364万円～480万円,5時間前,パソナキャリア
株式会社アウトソーシングテクノロジー,組込みソフトウェアエンジニア／年間休日123日 製造系エンジ...,愛知県,年収400万円～600万円,14時間前,en ミドルの転職
アマゾンジャパン合同会社,物流設備メンテナンスエンジニア,岐阜県,年収450万円～599万円,6時間前,en ミドルの転職
環境工学研究所株式会社,システムエンジニア・プログラマ／既卒,岐阜市 西岐阜駅,月給18万円～23万円,8時間前,ジンサポ！ギフ
株式会社ジーネックス,システムエンジニア、プログラマ／移住支援金対象,多治見市 姫駅 徒歩25分,月給16万円～24万円,8時間前,ジンサポ！ギフ
株式会社テクノアスカ,病院やスマホ、カーナビなど、私たちの生活に必要不可欠な「医療...,名古屋市 栄駅 徒歩5分,"月給19万5,000円～40万円",8時間前,あいちUIJターン支援センター
クリアソリューションズ株式会社,システム開発からコンサルまでトータルサポートしています!／移...,名古屋市 大須観音駅 徒歩5分,"月給17万円～40万6,000円",8時間前,あいちUIJターン支援センター
イー・バレイ株式会社,次世代ロボット開発も手掛け、新技術の創造へチャレンジし続ける...,名古屋市 金山駅 徒歩15分,月給18万円～40万円,8時間前,あいちUIJターン支援センター
JFEエンジニアリング株式会社,提案営業,名古屋市 名駅,"年収600万円～1,200万円",9時間前,建設・設備求人データベース
ワタナベフーマック株式会社,経理職,名古屋市 尾頭橋駅,年収300万円～400万円,4時間前,doda
Sansan株式会社,Androidアプリエンジニア～名刺管理サービス「Sansa...,名古屋市 中区,"年収420万円～1,204万円",4時間前,doda
住友電装株式会社,車載用ECUの組込ソフトウェアの評価／プロセス構築・改善,名古屋市 名古屋駅,年収500万円～800万円,6時間前,doda
株式会社東和製作所,社内システムエンジニア募集,岐阜県 美濃加茂市,"月給21万5,000円～35万5,000円",8時間前,ジンサポ！ギフ
株式会社ソフテル,業績好調&グループ上場につきエンジニア募集,岐阜市 西岐阜駅,月給17万円～55万円,8時間前,ジンサポ！ギフ
N3株式会社,システムエンジニア／移住支援金対象,岐阜市 名鉄岐阜駅 徒歩7分,月給20万円～36万円,8時間前,ジンサポ！ギフ
日晶電機株式会社,お客様と社内のパイプ役!あなたが提案した自動制御が世界中のモ...,豊田市 土橋駅 徒歩10分,月給20万円～35万円,8時間前,あいちUIJターン支援センター
株式会社スタッフサービス,アルミエクステリア詳細設計,多治見市 多治見駅 車10分,"月給21万5,000円～30万円",17時間前,スタッフサービス・エンジニアリング 常用型派遣
東レ建設株式会社,建築施工管理職,岐阜県 神戸町,年収350万円～600万円,8時間前,建設・設備求人データベース
ヤンマーエネルギーシステム株式会社,施工管理,名古屋市 東区,年収350万円～600万円,9時間前,建設・設備求人データベース
エムイーシーテクノ株式会社,制御システムエンジニア,三重県,年収300万円～600万円,12時間前,建設・設備求人データベース
ユナイテッド・セミコンダクター・ジャパン株式会社,半導体の工程改善エンジニア～理系学部卒・業界未経験の第二新卒...,三重県 桑名市,年収420万円～540万円,4時間前,doda
株式会社アソウ・アルファ,システムエンジニア,三重県 四日市市,年収350万円～780万円,22時間前,ワークポート
株式会社ウェブサーブ,郡上市に移住して働けるシステムエンジニア、プログラマー募集!...,岐阜県 郡上市,月給22万円～53万円,8時間前,ジンサポ！ギフ
株式会社Over REVO,ITエンジニア／未経験OK／残業月平均15時間／年間休日12...,名古屋市 伏見駅 徒歩3分,"月給17万5,000円～27万円",8時間前,あいちUIJターン支援センター
株式会社コスモテック,メーカーの設計に負けない高度な技術を持った機械設計者募集!／...,大府市 共和駅 徒歩15分,月給20万円～42万円,8時間前,あいちUIJターン支援センター
株式会社バリューソフトウエア,名古屋 令和元年8月ユースエール認定取得!電通・日立と長期取引,名古屋市 中区,年収360万円～500万円,16時間前,リクルートエージェント
株式会社afterFIT,第3種電気主任技術者,三重県 松阪市,年収450万円～750万円,10時間前,建設・設備求人データベース
大和ハウス工業株式会社,建築設備エンジニア,愛知県 名古屋市,"年収500万円～1,000万円",11時間前,建設・設備求人データベース
株式会社サンテック,エンジニア／研修充実・未経験歓迎,名古屋市 瑞穂運動場西駅 徒歩6分,月給22万870円～,3時間前,doda
オムロン エキスパートリンク株式会社,電気回路設計,愛知県,年収350万円～600万円,3時間前,doda
株式会社ダイヤモンドパーソネル,S／W開発・設計,岐阜県,年収350万円～650万円,4時間前,doda
株式会社ジーベックテクノロジー,機械設計,愛知県 岡崎市,年収400万円～900万円,23時間前,ワークポート
株式会社ベリサーブ,品質保証コンサルタント／将来的にベトナム拠点の立ち上げ,名古屋市 中区,年収350万円～550万円,6時間前,doda
シースリーインテ゛ックス株式会社,SE／システムエンジニア／プライムで受託開発オンリーの会社／...,名古屋市 上前津駅 徒歩2分,月給31万円～40万円,8時間前,あいちUIJターン支援センター
株式会社樋口製作所,工場内のIOT化推進によりシステムエンジニア募集,各務原市 新加納駅 徒歩10分,月給17万円～30万円,8時間前,ジンサポ！ギフ
株式会社クリエ,あなたの今までの経験を生かして入社後すぐに活躍できるチャンス...,名古屋市 新栄町駅 徒歩2分,"月給21万5,000円～45万円",8時間前,あいちUIJターン支援センター
株式会社デンソーEMCエンジニアリングサービス,EMC 試験のエンジニア職 デンソーグループの安定企業,愛知県 刈谷市,年収400万円～600万円,16時間前,リクルートエージェント
株式会社ビーオーエス,システムエンジニア・プログラマ,三重県 四日市市,"月給19万3,000円～20万6,000円",9時間前,転職ナビ
メタウォーター株式会社,運転管理業務責任者,三重県,年収640万円～750万円,10時間前,建設・設備求人データベース
株式会社アイ・エス・ビー,車載組み込み系エンジニア／平均残業月23時間／東証一部上場,愛知県,年収400万円～,3時間前,doda
名古屋総合システム株式会社,SE・PG／地場優良企業100社以上と直接取引、手当・福利厚...,名古屋市 名駅,年収314万円～551万円,4時間前,doda
株式会社アシストプラス,ITヘルプデスク、インストラクター,名古屋市 伏見駅 徒歩5分,年収300万円～400万円,4時間前,doda
株式会社陣内工業所,管工事施工管理,愛知県 豊田市,年収400万円～800万円,6時間前,建設・設備求人データベース
出光興産株式会社,メンテナンス・エンジニア／大手石油元売会社,愛知県 知多市,年収400万円～700万円,4時間前,en ミドルの転職
飛島建設株式会社,建築施工管理,三重県,年収500万円～750万円,7時間前,建設・設備求人データベース
アイ・ビー・テクノス株式会社,保守・メンテナンス／東証一部上場、東テクグループ／各拠点,愛知県 名古屋市,年収500万円～820万円,12時間前,en ミドルの転職
大和化成工業株式会社,第二新卒歓迎 部品測定／機能評価試験,岡崎市 美合駅 車10分,年収400万円～450万円,14時間前,Re就活
日商エレクトロニクス株式会社,ITインフラソリューション提案営業,名古屋市 伏見駅,年収590万円～666万円,6時間前,doda
株式会社ツリーベル,IT技術者／プログラマー・システムエンジニア／上流工程から詳...,四日市市 近鉄四日市駅,月給24万円～45万円,8時間前,「みえ」の仕事マッチングサイト
株式会社EnjoySystem,システムエンジニア募集!／移住支援金対象,蒲郡市 蒲郡駅 徒歩2分,月給14万円～54万円,8時間前,あいちUIJターン支援センター
株式会社アルトナー,提案営業,名古屋市 中村区,"月給21万9,000円～38万4,000円",9時間前,転職ナビ
株式会社TWINKLE,プラント施工管理,愛知県,年収360万円～680万円,12時間前,type
エミック株式会社,振動試験機ニッチトップ企業・残業20H程度,名古屋市 名東区,年収400万円～440万円,4時間前,doda
株式会社デザインネットワーク,第二新卒歓迎 モノづくりエンジニア,愛知県,年収350万円～500万円,14時間前,Re就活
株式会社プライムソフトサービス,テクニカルサポート,愛知県 名古屋市,年収280万円～400万円,23時間前,ワークポート
シンフォニアテクノロジー株式会社,第二種電気主任技術者～東証1部上場／5期連続増収増益／年休1...,豊橋市 二川駅,年収360万円～600万円,6時間前,doda
日本特殊陶業株式会社,社内SE,愛知県 小牧市,年収450万円～600万円,23時間前,ワークポート
アズビル株式会社,自動制御の施工管理,名古屋市 中区,年収500万円～800万円,6時間前,建設・設備求人データベース
JFEプラントエンジ株式会社,法人営業 -JFEスチール100%出資のエンジニアリング企業,愛知県 名古屋市,年収350万円～750万円,16時間前,リクルートエージェント
エクトミシステム株式会社,ITエンジニア 希望のキャリアを実現!／移住支援金対象,名古屋市 伏見駅 徒歩5分,月給25万円～45万円,8時間前,あいちUIJターン支援センター
林テレンプ株式会社,内外装部品設計～レクサスなどの自動車向け内装部品のシステムサ...,豊田市 猿投駅,年収450万円～600万円,3時間前,doda
株式会社データ・デザイン,サポートエンジニア,名古屋市 久屋大通駅,年収360万円～570万円,4時間前,doda
株式会社三重電子計算センター,システムエンジニア募集!駅近・転勤なしで三重県で長く働いてい...,津市 津駅 徒歩10分,"月給20万円～35万5,900円",8時間前,「みえ」の仕事マッチングサイト
BCS AIS Japan株式会社,車載用組込ソフトウェア導入・評価・PMエンジニア,愛知県 豊田市,年収600万円～850万円,14時間前,en ミドルの転職
CTCシステムマネジメント株式会社,インフラエンジニア,名古屋市 名古屋駅,年収380万円～680万円,5時間前,doda
株式会社コスモルート,システムエンジニア,名古屋市 熱田区,年収300万円～700万円,23時間前,ワークポート
株式会社アシストエンジニア,経験者歓迎 機械設計技術者,岐阜市 名鉄岐阜駅 徒歩15分,月給20万円～40万円,8時間前,ジンサポ！ギフ
株式会社かんでんエンジニアリング,電気工事施工管理,名古屋市 中村区,年収360万円～500万円,8時間前,建設・設備求人データベース
株式会社夢テクノロジー,プログラマー,三重県,"月給19万5,000円～27万円",3時間前,JOB
ナショナルソフトウェア株式会社,第二新卒歓迎 IT エンジニア職,名古屋市 中区,年収300万円～450万円,14時間前,Re就活
株式会社クオルテック,技術営業～モノづくりの最先端を支える・国内トップシェア・駐在...,愛知県 刈谷市,年収350万円～600万円,5時間前,doda
株式会社リクルートR&Dスタッフィング,第二新卒歓迎 ITエンジニア,三重県,年収300万円～600万円,14時間前,Re就活
株式会社アビスト,機械設計エンジニア 東証一部上場／ものづくりの上流工程から携...,名古屋市 中区,年収370万円～470万円,6時間前,doda
株式会社マネジメントソリューションズ,プロジェクトマネジメントコントローラー,愛知県,年収450万円～900万円,7時間前,doda
ソニーセミコンダクタマニュファクチャリング株式会社,システムエンジニア／移住支援金対象,愛知県,月給21万円～38万円,8時間前,すまいる山形暮らし情報館
株式会社日本ビジネスデータープロセシングセンター,システムの開発、設計、構築や運用管理のエンジニア,名古屋市 名古屋駅 徒歩5分,月給21万円～,12時間前,株式会社日本ビジネスデータープロセシングセンター
株式会社一ノ坪製作所,第二新卒歓迎 モノづくりエンジニア,三重県 伊賀市,年収300万円～350万円,14時間前,Re就活
株式会社イアス,第二新卒歓迎 ソフトウエア開発技術職,愛知県,年収250万円～350万円,14時間前,Re就活
株式会社東海精機,自動化・省力化システムの提案営業,名古屋市 中区,年収350万円～500万円,6時間前,doda
株式会社白帝エンジニアリング,技術革新と社会貢献の為より良いコミュニケーションと迅速な対応...,名古屋市 伏見駅 徒歩3分,"月給16万5,000円～31万5,000円",8時間前,あいちUIJターン支援センター
朝日エティック株式会社,建築施工管理,名古屋市 東区,年収400万円～600万円,11時間前,建設・設備求人データベース
株式会社EMD,プログラマ,羽島市 羽島市役所前駅 徒歩11分,年収276万円～600万円,14時間前,株式会社EMD
日本ラッド株式会社,システムエンジニア・プログラマー,三重県,"月給20万6,000円～",14時間前,日本ラッド株式会社
ウインズソフト株式会社,システムエンジニア ユーザーや大手SIerと直接取引。残業は...,三重県 いなべ市,月給25万円～,14時間前,ウインズソフト株式会社
株式会社セットジャパンコーポレーション,システムエンジニア,名古屋市 伏見駅 徒歩3分,月給25万円～,14時間前,株式会社セットジャパンコーポレーション
スターワークス東海株式会社 名古屋テクニカルセン...,ジャンクションボックスの回路設計業務,三重県 鈴鹿市,年収350万円～550万円,14時間前,スターワークス東海株式会社名古屋テクニカルセンター
FutureRays株式会社,ITエンジニア 年間休日約125日／完全週休2日制／フレック...,名古屋市 久屋大通駅 徒歩3分,年収288万円～840万円,14時間前,FutureRays株式会社
株式会社ダイキエンジニアリング,自動車関連設計業務,愛知県 刈谷市,年収284万円～335万円,14時間前,株式会社ダイキエンジニアリング
株式会社ウィクレソフト・ジャパン,システムエンジニア,名古屋市 名古屋駅 徒歩8分,年収350万円～550万円,14時間前,株式会社ウィクレソフト・ジャパン
株式会社カレントスペース,評価検証エンジニア／カーナビ、ECU評価・検証,岡崎市 岡崎駅,年収260万円～325万円,14時間前,株式会社カレントスペース
株式会社アイズ 名古屋市のプロジェクト先,ITエンジニア 残業月10時間以下,名古屋市 丸の内駅 徒歩1分,年収300万円～600万円,14時間前,株式会社アイズ
株式会社朋栄,名古屋勤務 本社・支店・他営業所での勤務も応相談,名古屋市 伏見駅,年収350万円～490万円,14時間前,株式会社朋栄
株式会社アクロビジョン,汎用機系エンジニア募集「社員第一主義」の弊社ではエンジニアの...,愛知県,公開していません,14時間前,株式会社アクロビジョン
株式会社アドテックス,システムエンジニア,名古屋市 千種駅,月給22万円,14時間前,株式会社アドテックス
パイオネット・ソフト株式会社,未経験・第二新卒:ITエンジニア,刈谷市 刈谷駅 徒歩3分,月給20万円～,14時間前,パイオネット・ソフト株式会社
ワークアシスト,未経験OK!研修制度が充実しているので着実に成長ができます,名古屋市 久屋大通駅 徒歩1分,"年収236万4,000円～",14時間前,ワークアシスト
株式会社シナプスイノベーション,生産管理コンサルタント,名古屋市 名駅,年収480万円～,14時間前,株式会社シナプスイノベーション
システムスクエア株式会社,システムエンジニア,名古屋市 伏見駅,月給18万円～40万円,14時間前,システムスクエア株式会社
株式会社Her's,ITエンジニア／定着率90%／大手優良企業との直接取引多数／...,名古屋市 矢場町駅 徒歩3分,年収300万円～700万円,14時間前,株式会社Her's
株式会社エヌイーシステム,プログラマ・システムエンジニア,名古屋市 千種駅,年収253万円～550万円,14時間前,株式会社エヌイーシステム
株式会社エスユーエス,ITエンジニア 残業は月平均19.4時間、年間休日127日,名古屋市 名駅,年収300万円～800万円,14時間前,株式会社エスユーエス
富士インフォックス・ネット株式会社,人材コンサルティング営業,名古屋市 中区,年収300万円～,14時間前,富士インフォックス・ネット株式会社
株式会社エスエスアイ,システムエンジニア 年間休日124日、プロジェクトは愛知県内...,名古屋市 今池駅 徒歩1分,月給23万円～38万円,14時間前,株式会社エスエスアイ
株式会社コア 中部カンパニー,SE・PG,三重県,"月給20万3,000円～",14時間前,株式会社コア 中部カンパニー
株式会社ビジネスブレイン太田昭和,SE・ITコンサルタント,名古屋市 中区,"月給22万8,500円～",14時間前,株式会社ビジネスブレイン太田昭和
サン・ライズ・システムズ株式会社,プログラマ,名古屋市 伏見駅 徒歩5分,年収420万円～720万円,14時間前,サン・ライズ・システムズ株式会社
デュプロ販売株式会社 サプライ営業課,フィールド エンジニア,名古屋市 東別院駅 徒歩2分,年収310万円～360万円,14時間前,デュプロ販売株式会社
株式会社アルプスビジネスサービス,機械設計エンジニア,名古屋市 名古屋駅,年収270万円～525万円,14時間前,株式会社アルプスビジネスサービス
スターワークス東海株式会社 豊田テクニカルセンター,生産技術,豊田市 豊田市駅,年収450万円～600万円,14時間前,スターワークス東海株式会社豊田テクニカルセンター
株式会社ピコ・ナレッジ,サーバ構築／インフラエンジニア,愛知県,年収240万円～,14時間前,株式会社ピコ・ナレッジ
株式会社ディ・アイ・システム,テクニカルサポート、ヘルプデスク,名古屋市 丸の内駅 徒歩2分,年収250万円～,14時間前,株式会社ディ・アイ・システム
有限会社加藤総合研究所,システムエンジニア・プログラマ 未経験入社の先輩2名の元で働...,名古屋市 伏見駅 徒歩6分,月給20万円～40万円,14時間前,有限会社加藤総合研究所
株式会社エスクリエイト,システムエンジニア 90%以上がユーザーとの直接取引,三重県,月給20万円～50万円,14時間前,株式会社エスクリエイト
名東技研株式会社,SE・PG 応募条件を満たす方には基本的にお会いいたします,愛知県,月給25万円～,14時間前,名東技研株式会社
株式会社エービーシー・ジャパン,SE・PG,名古屋市 丸の内駅 徒歩1分,月給23万円～,14時間前,株式会社エービーシー・ジャパン
株式会社コーワメックス,組込みシステムエンジニア あなたもエンジニアデビューしませんか,刈谷市 刈谷駅 徒歩10分,月給18万円～,14時間前,株式会社コーワメックス
ビズニック株式会社,オープン系プログラマ,愛知県 豊田市,年収240万円～600万円,14時間前,ビズニック株式会社
株式会社ソルコム,ITインフラエンジニア 定着率93%。オープニングスタッフ募集,愛知県,月給26万円～53万円,14時間前,株式会社ソルコム
株式会社ケイネックス,システムエンジニア,大垣市 大垣駅 バス10分,年収300万円～,14時間前,株式会社ケイネックス
日本事務処理サービス株式会社,SE・PG 直近3年以内の離職率は0%,名古屋市 伏見駅 徒歩1分,月給20万円～40万円,14時間前,日本事務処理サービス株式会社
ネットフォース株式会社 九州開発センター,AIエンジニア・データサイエンティスト,名古屋市 名古屋駅 徒歩7分,年収300万円～600万円,14時間前,ネットフォース株式会社
株式会社CEFテクノソリューションズ,システムエンジニア,名古屋市 伏見駅,"月給23万2,000円～",14時間前,株式会社CEFテクノソリューションズ
株式会社ホロンシステム,プログラマー システムエンジニア,愛知県 名古屋市,月給22万円～48万円,14時間前,株式会社ホロンシステム
株式会社日本プレースメントセンター,システム運用エンジニア 年間休日120日以上・定着率93.5...,愛知県 名古屋市,月給30万円～,14時間前,株式会社日本プレースメントセンター
株式会社ネクステージ,業務系SE／Javaを使用,名古屋市 中区,年収350万円～483万円,14時間前,株式会社ネクステージ
東洋電機株式会社,セールスエンジニア,津市 久居駅 徒歩15分,年収340万円～630万円,14時間前,東洋電機株式会社
株式会社ウェブ東海,インフラエンジニア,名古屋市 栄駅 徒歩5分,年収270万円～350万円,14時間前,株式会社ウェブ東海
株式会社E-STAGE,ITエンジニア,名古屋市 名古屋駅,月給25万円～,14時間前,株式会社E-STAGE
株式会社フラッシュシステムズ,組込み／制御系プログラマー募集,名古屋市 亀島駅 徒歩3分,月給22万円～45万円,14時間前,株式会社フラッシュシステムズ
テクノブレイブ株式会社,おもいやりおもしろカンパニー インフラ案件多数!転勤なし,名古屋市 伏見駅 徒歩5分,年収390万円～650万円,14時間前,テクノブレイブ株式会社
株式会社言語サービス,不動産業界向けクラウドサービス営業 年収 447万円～100...,名古屋市 中区,"年収447万円～1,000万円",14時間前,株式会社言語サービス
株式会社レクシス,システムエンジニア,名古屋市 丸の内駅 徒歩3分,年収400万円～850万円,14時間前,株式会社レクシス
株式会社ラウンドデザイン,システムエンジニア,名古屋市 大須観音駅 徒歩1分,年収250万円～800万円,14時間前,株式会社ラウンドデザイン
株式会社九州共栄システムズ,システムエンジニア,愛知県,"月給20万3,900円～",14時間前,株式会社九州共栄システムズ
株式会社ファーストステップ,機械・機構設計,四日市市 近鉄四日市駅 徒歩5分,年収350万円～,14時間前,株式会社ファーストステップ
株式会社ブレーンナレッジシステムズ,案件多数 貴方の「やりたい」に応えます,名古屋市 伏見駅 徒歩4分,年収420万円～,14時間前,株式会社ブレーンナレッジシステムズ
株式会社アイビス,プログラマ・システムエンジニア,名古屋市 名駅,月給17万円～,14時間前,株式会社アイビス 東京本社
