島津システムソリューションズ株式会社,1級電気工事施工管理技士,京都市 中京区,年収376万円～600万円,6時間前,建設・設備求人データベース
株式会社ソフトエナジーコントロールズ,2次電池検査装置の組込系システムエンジニア,大阪市 中央区,年収400万円～650万円,16時間前,en ミドルの転職
ソニー株式会社,CMOSセンサー デバイス開発エンジニア 将来の半導体デバイ...,大阪市 北区,年収550万円～949万円,17時間前,en ミドルの転職
株式会社インサイト,組込み系開発エンジニア,豊中市 千里中央駅 徒歩5分,月給20万円～,14時間前,株式会社インサイト
株式会社セブンスディメンジョンデザイン,自社医療システム開発エンジニア,神戸市 三宮駅,年収336万円～540万円,5時間前,doda
フェンリル株式会社,Web開発クラウドエンジニア,京都市 下京区,"年収350万円～1,000万円",4時間前,doda
株式会社クボタ,機械設計・開発エンジニア,大阪府 堺市,年収650万円～850万円,7時間前,en ミドルの転職
クックビズ株式会社,「Android／Swiftエンジニア」アプリ開発の主力とし...,大阪市 梅田駅,"月給24万5,000円～50万円",22時間前,Office Lady
アイエスアールジャパン有限会社,モデルベース開発エンジニア,大阪市 難波駅 徒歩15分,年収420万円～700万円,14時間前,アイエスアールジャパン有限会社
ダイレクト出版株式会社,第二新卒歓迎 開発エンジニア職,大阪市 本町駅 徒歩5分,年収300万円～700万円,14時間前,Re就活
株式会社オープン・システム・ソリューションズ,AI開発・実装・運用 ITエンジニア 未経験OK,大阪市 中央区,月給20万円～25万円,14時間前,株式会社オープン・システム・ソリューションズ
株式会社片岡製作所,片岡製作所 機械設計・開発エンジニア／年収500-750万円...,向日市 向日町駅,年収500万円～750万円,9時間前,en ミドルの転職
トランスコスモス株式会社,webシステム開発エンジニア,大阪府,年収350万円～500万円,3時間前,Daijob.com
株式会社辰巳エヤーエンジニアリング,辰巳エヤーエンジニアリング 設計・開発エンジニア,東大阪市 吉田駅 車3分,年収400万円～549万円,9時間前,en ミドルの転職
株式会社パウダーシステムズ,パウダーシステムズ 粉体装置・機械設計・開発エンジニア,京都府 八幡市,年収450万円～950万円,9時間前,en ミドルの転職
株式会社写真化学,写真化学 設計・開発エンジニア,滋賀県 草津市,年収400万円～650万円,19時間前,en ミドルの転職
パーソル パナソニック HRパートナーズ株式会社,ソフト開発エンジニア,滋賀県,年収479万円～656万円,22時間前,ワークポート
サンエー電機株式会社,サンエー電機 設計・開発・品質管理・エンジニア,向日市 向日町駅 車10分,年収300万円～550万円,19時間前,en ミドルの転職
ヒューマンソリューション,人工知能 開発の設計、検証などのアプリ開発エンジニア,大阪市 大阪駅 徒歩2分,月給26万円～57万円,11時間前,タウンワーク
ウィンセンステクノロジー株式会社 大阪市内及び近郊,開発エンジニア など,大阪市 都島区,年収350万円～650万円,14時間前,ウィンセンステクノロジー株式会社
株式会社イーエフユーアドウィス 東京オフィス,ITエンジニア 受託開発の拡大に伴う、エンジニア急募,大阪市 本町駅 徒歩3分,年収300万円～600万円,14時間前,株式会社イーエフユーアドウィス
トライアロー株式会社,PHPでのアプリ、システム開発エンジニア募集,兵庫県,月給25万円～30万円,14時間前,トライアロー株式会社
株式会社キャピタル・アセット・プランニング,Webアプリケーション開発のエンジニア,大阪市 西梅田駅 徒歩5分,年収400万円～,14時間前,株式会社キャピタル・アセット・プランニング
株式会社フューチャーインフィニティ,国のインフラを守るシステム開発エンジニア,大阪市 新大阪駅 徒歩15分,年収380万円～650万円,14時間前,株式会社フューチャーインフィニティ
株式会社アクシス,年間休日123日 賞与4.5か月分 残業月20時間以下 シス...,大阪市 北区,年収350万円～,14時間前,株式会社アクシス
ファースト情報システム株式会社,開発エンジニア／土日や平日18時以降の面接もOK!自社内案件...,大阪市 南森町駅 徒歩5分,月給23万円～52万円,14時間前,ファースト情報システム株式会社
株式会社オフショア,自社製品の開発エンジニア,神戸市 三ノ宮駅 徒歩4分,月給24万円～,14時間前,株式会社オフショア
株式会社メディノス,ハードウェアエンジニア,大阪市 本町駅 徒歩3分,公開していません,13時間前,株式会社メディノス
株式会社だんきち,Webエンジニア、アプリエンジニア,大阪府 摂津市,月給25万円～,14時間前,株式会社だんきち
株式会社ハイドロ総合技術研究所,システムエンジニア,大阪市 渡辺橋駅,年収500万円～700万円,4時間前,doda
株式会社カプコン,プログラマー,大阪市 中央区,公開していません,12時間前,type
株式会社クリエイション,システムエンジニア,大阪市 南森町駅 徒歩5分,"年収288万円～417万6,000円",14時間前,株式会社クリエイション
株式会社デジアサ,WEB エンジニア,大阪市 福島駅,"月給20万9,500円",14時間前,株式会社デジアサ
アデコ株式会社,ITエンジニア インフラ／ソフトウェア開発／透明度が高い納得...,大阪市 大阪駅 徒歩3分,"年収343万2,000円～760万8,000円",14時間前,アデコ株式会社
株式会社ヒューマンアイズびわこ統括事業所,急募!医薬品の梱包・検査,大津市 堅田駅,年収306万円～,14時間前,株式会社ヒューマンアイズびわこ統括事業所
株式会社ソフィア,システム・ソフトウェア開発／世界上位シェアSalesforc...,京都市 下京区,年収300万円～600万円,3時間前,doda
株式会社ヒューマンアイズ神戸統括事業所,提案営業／ノルマなし／年間休日120日／元町駅近く,神戸市 元町駅 徒歩4分,年収258万円～,14時間前,株式会社ヒューマンアイズ神戸統括事業所
Auto-IDフロンティア株式会社,SE・PG・IT技術者,守山市 守山駅 徒歩20分,"月給18万5,000円～30万円",6時間前,求人Free
株式会社竹中製作所,技術営業,神戸市 兵庫区,年収400万円～700万円,4時間前,doda
株式会社フェイスポート,システムエンジニア～平均残業時間10時間程度～,神戸市 中央区,年収288万円～,5時間前,doda
株式会社サン・エンジニアリング,システムエンジニア・プログラマー,大阪市 新大阪駅 徒歩10分,年収250万円～600万円,8時間前,キャリコネ転職
CHILLOUT株式会社,システムエンジニア、プログラマー／PHP／移住支援金対象,兵庫県 洲本市,月給20万円～30万円,8時間前,ひょうごで働こう！マッチングサイト
バルテス株式会社,クオリティエンジニア,大阪市 西区,年収400万円～700万円,7時間前,doda
株式会社日本アシスト,ITエンジニア 年間休日125日!転職回数不問!面接1回!創...,大阪市 天王寺駅 徒歩2分,年収264万円～540万円,14時間前,株式会社日本アシスト
株式会社テクラス,インフラエンジニア,京都市 烏丸駅,年収400万円～800万円,4時間前,doda
株式会社東京システムリサーチ,システムエンジニア／オープン系アプリケーション開発,大阪市 本町駅,年収300万円～530万円,5時間前,doda
株式会社フォー・クオリア,ITエンジニア ~言語不問 あなたのバリューに見合った報酬を...,大阪市 堺筋本町駅 徒歩1分,月給25万円～50万円,14時間前,株式会社フォー・クオリア
株式会社オレンジテクノロジーズ,プログラマ、システムエンジニア,京都府 京都市,月給26万円～34万円,14時間前,株式会社オレンジテクノロジーズ
亀田医療情報株式会社,自社開発電子カルテシステム導入のエンジニア~残業15時間程度～,大阪市 淀川区,年収429万円～520万円,5時間前,doda
創研情報株式会社,システムエンジニア20代～30代が多数活躍中!年間休日124...,京都市 四条駅,年収300万円～700万円,14時間前,創研情報株式会社
株式会社インターネットイニシアティブ,アプリケーションサービスエンジニア,大阪府,年収400万円～900万円,3時間前,Daijob.com
株式会社神鋼エンジニアリング&メンテナンス,機械設備設計エンジニア募集のご案内,加古川市 別府駅,年収400万円～700万円,8時間前,en ミドルの転職
サンヨーファイン医理化テクノロジー株式会社,回路設計エンジニア 東証1部上場企業「大阪ソーダ」グループ,京都市 十条駅 徒歩3分,月給20万円～45万円,17時間前,en ミドルの転職
株式会社イズミフードマシナリ,設計職,兵庫県 尼崎市,年収400万円～700万円,8時間前,建設・設備求人データベース
三菱化工機株式会社,現場管理技術者,大阪市 中央区,年収450万円～700万円,11時間前,建設・設備求人データベース
株式会社タクマ,施工管理,兵庫県 尼崎市,年収550万円～800万円,11時間前,建設・設備求人データベース
クローダジャパン株式会社,プロセスエンジニア～イギリス発外資系化学メーカー／オリジナル...,東近江市 能登川駅,"年収750万円～1,000万円",4時間前,doda
株式会社窓飛,第二新卒歓迎 プログラマー・システムエンジニア,大阪市 南森町駅,年収300万円～450万円,14時間前,Re就活
株式会社プロアクティブ,SE,神戸市 三宮駅 徒歩10分,年収450万円～550万円,6時間前,doda
日東コンピューターサービス株式会社,プロジェクトリーダー／マネージャー、システムエンジニア、プロ...,兵庫県 姫路市,月給18万円～60万円,8時間前,ひょうごで働こう！マッチングサイト
サイボウズ株式会社,テクニカルスペシャリスト,大阪市 梅田駅 徒歩3分,月給25万円～55万円,12時間前,type
株式会社インゲージ,iOSアプリケーションエンジニア 自社クラウドサービス「Re...,大阪市 南森町駅,年収400万円～800万円,4時間前,doda
中央システムサービス株式会社,システムエンジニア,京都市 右京区,年収350万円～550万円,22時間前,ワークポート
株式会社デジタルハーツ,ITソリューション営業／ネットワーク・セキュリティサービス,大阪市 淀屋橋駅,年収350万円～550万円,5時間前,doda
日本化学機械製造株式会社,管工事施工管理,大阪市 淀川区,年収500万円～700万円,6時間前,建設・設備求人データベース
DXアンテナ株式会社,筐体機構設計／担当～係長,神戸市 西神南駅,月給23万円～45万円,8時間前,ひょうごで働こう！マッチングサイト
株式会社神鋼環境ソリューション,廃棄物処理プラントのプロジェクト監理,神戸市 中央区,年収600万円～900万円,10時間前,建設・設備求人データベース
パナソニック株式会社 直轄部門,生産性改善活動,大阪府 門真市,"年収550万円～1,000万円",20時間前,E&M JOBS
株式会社グラント,エンジニアスクール受講者限定インフラエンジニア,大阪府,年収250万円～350万円,20時間前,ワークポート
日本カノマックス株式会社,アプリケーションエンジニア,大阪府 吹田市,年収325万円～600万円,20時間前,ワークポート
株式会社イシダ,テクニカルサポート,栗東市 栗東駅,年収250万円～500万円,4時間前,doda
コンピューターマネージメント株式会社,システムエンジニア,京都府,年収300万円～700万円,22時間前,ワークポート
株式会社JOLED,フィールドエンジニア,京都市 南区,年収500万円～800万円,22時間前,ワークポート
新生電子株式会社,第二新卒歓迎 技術系総合職,尼崎市 尼崎駅,年収300万円～400万円,14時間前,Re就活
日本電音株式会社,品質保証設計,枚方市 樟葉駅,月給20万円～25万円,9時間前,転職ナビ
パーソル パナソニックHRパートナーズ株式会社 ...,ICTアプリケーション開発,大阪府,年収400万円～700万円,19時間前,E&M JOBS
関西デジタルソフト株式会社,組込エンジニア,大阪市 北区,年収300万円～700万円,20時間前,ワークポート
東西化学産業株式会社,サービスエンジニア,大阪市 中央区,年収360万円～500万円,21時間前,ワークポート
富士フイルムメディカル株式会社,医療システム導入SE・上流工程担当,大阪市 弁天町駅 徒歩3分,年収470万円～710万円,4時間前,doda
株式会社ジェイテック,システムエンジニア,大阪市 西区,年収300万円～600万円,5時間前,doda
岩井機械工業株式会社,監理技術者,大阪市 西区,年収500万円～900万円,6時間前,建設・設備求人データベース
神明設計株式会社,流動解析,高砂市 荒井駅,年収450万円～600万円,6時間前,建設・設備求人データベース
JOHNAN株式会社,月給41万以上で宇治市の上場目指す会社でロボット開発技術者,宇治市 大久保駅 徒歩15分,月給41万円～,10時間前,京都・滋賀求人タイムス
株式会社ルナネクサス,組み込みソフト開発職,大阪市 新大阪駅 徒歩10分,年収300万円～650万円,3時間前,doda
株式会社Sharp Document 21yos...,カスタマーサポート職,大阪市 西区,年収275万円～350万円,4時間前,doda
株式会社デジタルビジョン,システムエンジニア,兵庫県,年収300万円～500万円,23時間前,ワークポート
川崎三興化成株式会社,第二新卒歓迎 モノづくりスタッフ,甲賀市 貴生川駅,年収300万円～450万円,14時間前,Re就活
スカイワークスフィルターソリューションズジャパン...,新製品量産管理業務／BAW NPI エンジニア,大阪府 門真市,公開していません,12時間前,en ミドルの転職
株式会社インサイトテクノロジー,プリセールス・導入エンジニア／データベース監査市場シェアトッ...,大阪市 大阪駅,年収450万円～600万円,6時間前,doda
神鋼テクノ株式会社,神戸製鋼Gの設計部門／定着率／残業20h以下,兵庫県 高砂市,年収400万円～650万円,16時間前,リクルートエージェント
株式会社リーフワークス,システムエンジニア,滋賀県 大津市,月給23万円～28万円,8時間前,WORKしが
株式会社本山製作所,アフターメンテナンス担当 ～大正13年創業の老舗バルブメーカ...,大阪府 豊中市,年収320万円～480万円,4時間前,doda
株式会社アップロード,第二新卒歓迎 ITエンジニア,大阪市 大阪ビジネスパーク駅 徒歩1分,年収250万円～500万円,14時間前,Re就活
株式会社立花エレテック,FAE担当,大阪市 本町駅,年収350万円～700万円,6時間前,doda
システムアーツ株式会社,システムエンジニア オープン系システム設計!上流工程のプロ,大阪市 本町駅 徒歩1分,月給22万円～35万円,9時間前,転職ナビ
秀峰自動機株式会社,FA機器の機械設計,京都府 宇治市,"月給30万5,500円～44万8,500円",10時間前,京都・滋賀求人タイムス
AIエンジニアリング株式会社,プロジェクトマネージャー,大阪市 淀川区,年収400万円～700万円,10時間前,建設・設備求人データベース
株式会社ダイコーテクノ,CAE解析エンジニア,兵庫県 高砂市,年収300万円～542万円,22時間前,ワークポート
GMOペイメントゲートウェイ株式会社,法人営業,大阪市 北区,年収500万円～850万円,4時間前,doda
TDIシステムサービス株式会社,大手電機メーカーのシステム導入エンジニア,大阪府,年収400万円～650万円,5時間前,doda
武田薬品工業株式会社,プラントエンジニア,大阪市 十三駅,年収350万円～800万円,14時間前,Re就活
富士通株式会社,第二新卒歓迎 システム開発・システムコンサルティング,大阪府,年収400万円～900万円,14時間前,Re就活
住友不動産株式会社,注文住宅設計プランナー／報奨金制度で年収1000万円超も,大阪府,年収500万円～,5時間前,doda
パナソニック環境エンジニアリング株式会社,監理技術者,大阪府 吹田市,年収450万円～800万円,6時間前,建設・設備求人データベース
双葉電気通信株式会社,ネットワークエンジニア,大阪市 北区,年収400万円～650万円,6時間前,doda
アトムメディカル株式会社,医療機器のサービスエンジニア,大阪市 大阪駅,年収400万円～500万円,6時間前,doda
三井E&S環境エンジニアリング株式会社,メンテナンス工事の施工管理,大阪市 西区,年収370万円～700万円,7時間前,建設・設備求人データベース
株式会社ヲサメ工業,プラント設計,大阪市 北区,年収450万円～650万円,7時間前,建設・設備求人データベース
株式会社リーディング・エッジ社,制御・組み込み系開発 PG・SE／年休120日,大阪府,年収400万円～700万円,15時間前,en ミドルの転職
株式会社白帝エンジニアリング 彦根設計室,彦根市での電気・電子設計技術者 年間休日120!土日祝休み,彦根市 彦根駅 徒歩2分,"月給16万5,000円～20万1,800円",10時間前,京都・滋賀求人タイムス
株式会社フジワーク,インフラエンジニア,兵庫県,月給21万円～45万円,23時間前,ワークポート
旭工精株式会社,第二新卒歓迎 技術職:基礎研究／応用研究・技術開発／生産・製...,東大阪市 JR長瀬駅 徒歩9分,年収350万円～550万円,14時間前,Re就活
株式会社アイエスエフネット,第二新卒歓迎 インフラエンジニア,大阪府,年収300万円～700万円,14時間前,Re就活
コーデソリューション株式会社,ITエンジニア／競技団体向け会員管理システム等,大阪市 肥後橋駅 徒歩1分,月給24万円～37万円,6時間前,doda
ファミリーイナダ株式会社,新製品のシステム設計、開発,大阪市 新大阪駅,年収540万円～900万円,7時間前,doda
日本ロジックス株式会社,デジタル回路設計,京都府 長岡京市,年収400万円～650万円,7時間前,doda
株式会社ディーエスピーリサーチ,エンジニア／自動測定システムのソフトウェア開発SE・PG募集...,神戸市 医療センター駅,月給30万円～40万円,8時間前,ひょうごで働こう！マッチングサイト
滝川工業株式会社,技術職／開発・設計／オーダーメイドで作られる機械設備の開発・...,兵庫県 加古川市,月給22万円～25万円,8時間前,ひょうごで働こう！マッチングサイト
阪急設計コンサルタント株式会社,発注者支援業務,大阪市 北区,年収400万円～800万円,8時間前,建設・設備求人データベース
カゴヤ・ジャパン株式会社,システムエンジニア,大阪市 北区,年収360万円～500万円,11時間前,ワークポート
ユーニス株式会社,システムエンジニア,大阪市 中央区,年収264万円～564万円,21時間前,ワークポート
TOAエンジニアリング株式会社,社内SE～東証一部上場のTOA社のグループ会社／安定した企業...,兵庫県 尼崎市,年収350万円～500万円,5時間前,doda
学校法人関西医科大学,事務職員／大学情報センター及び各附属病院で勤務,枚方市 枚方市駅 徒歩5分,"月給22万7,300円～",5時間前,doda
オークラサービス株式会社,運転調整エンジニア,兵庫県 加古川市,年収400万円～550万円,8時間前,建設・設備求人データベース
ジィ・アンド・ジィ株式会社,システムエンジニア／基幹系システム開発／ニーズに応じた情報処...,大阪市 新大阪駅,月給21万円～50万円,8時間前,ひょうごで働こう！マッチングサイト
大阪ガス株式会社,海外事業開発,大阪市 中央区,"年収500万円～1,000万円",8時間前,建設・設備求人データベース
株式会社ジー・コミュニケーション,SE・システムエンジニア,大阪市 南森町駅 徒歩4分,月給25万円～45万円,11時間前,株式会社ジー・コミュニケーション
株式会社アスリード,ITエンジニア,大阪府,年収250万円～350万円,14時間前,Re就活
シーレイシステム株式会社,第二新卒歓迎 システムエンジニア,大阪市 天満橋駅 徒歩5分,年収350万円～500万円,14時間前,Re就活
東陽精工株式会社,加工技術オペレーター,東大阪市 徳庵駅 徒歩14分,月給18万円～26万円,23時間前,イーアイデム
ケイプラス株式会社,システムエンジニア,兵庫県,年収240万円～400万円,22時間前,ワークポート
日本カルミック株式会社,第二新卒歓迎 総合職,大阪府,年収350万円～450万円,14時間前,Re就活
芦森工業株式会社,技術開発・設計,大阪府 摂津市,年収400万円～700万円,23時間前,ワークポート
株式会社システムデザイン,システムエンジニアの経験者を募集しています,大阪市 新大阪駅 徒歩10分,年収380万円～830万円,14時間前,株式会社システムデザイン
株式会社フィスコ仮想通貨取引所,フロントエンジニア,大阪市 本町駅,年収450万円～900万円,14時間前,株式会社フィスコ仮想通貨取引所
株式会社トラストシステムソリューションズ,業務系ITエンジニア,大阪市 本町駅 徒歩3分,月給20万円～45万円,14時間前,株式会社トラストシステムソリューションズ
プロシスタ株式会社,プログラマ,大阪市 新大阪駅 徒歩8分,年収230万円～,14時間前,プロシスタ株式会社
株式会社日本技術センター,大型装置の機械設計,高砂市 荒井駅 徒歩3分,年収450万円～600万円,14時間前,株式会社日本技術センター
メディアエッジ株式会社,システムエンジニア、フィールドサポート,神戸市 中央区,年収360万円～800万円,14時間前,メディアエッジ株式会社
株式会社ブイ・クルーズ,Webエンジニア／プログラマ,京都市 烏丸御池駅 徒歩5分,年収240万円～600万円,14時間前,株式会社ブイ・クルーズ
株式会社パートナー,JavaからPythonエンジニアへ緒戦しませんか,大阪市 西梅田駅 徒歩4分,年収400万円～,14時間前,株式会社パートナー
株式会社ヒューマンウェイブ,ビル設備の点検管理スタッフ／未経験歓迎!残業月10時間以内／...,大阪市 北新地駅 徒歩7分,月給21万円～32万円,14時間前,株式会社ヒューマンウェイブ
株式会社Bro's,SE・PG エレコム社などの大手企業と直接取引／上流工程から...,大阪市 南森町駅 徒歩6分,月給40万円,14時間前,株式会社Bro's
システムプロデュース株式会社,システムエンジニア,大阪市 西九条駅,年収300万円～550万円,14時間前,システムプロデュース株式会社
株式会社システムアート,システムエンジニア 経験者歓迎 ステップアップしたい方必見,大阪市 東梅田駅 徒歩3分,月給25万円～,14時間前,株式会社システムアート
株式会社エスプリフォート,Web・オープン系ITエンジニア,大阪市 肥後橋駅,"月給23万5,000円～45万円",14時間前,株式会社エスプリフォート
株式会社エフ・エム,インフラエンジニア 完全週休2日制／年間休日125日／賞与昨...,大阪市 堺筋本町駅 徒歩2分,年収300万円～480万円,14時間前,株式会社エフ・エム
ドクターキューブ株式会社,インストラクター,大阪市 肥後橋駅,年収252万円～950万円,14時間前,ドクターキューブ株式会社
シビレ株式会社,日本IBMと神戸製鋼系のIT企業で活躍するエンジニア,加古川市 加古川駅 バス25分,年収300万円～450万円,14時間前,シビレ株式会社
株式会社クアドロジックス 大阪サテライト,プログラマ,大阪市 東梅田駅 徒歩3分,公開していません,14時間前,株式会社クアドロジックス 大阪サテライト
株式会社BLUE,IT、WEBエンジニア,大阪市 肥後橋駅 徒歩5分,月給18万円～,14時間前,株式会社BLUE
株式会社クライム,ITエンジニア職,大阪市 中央区,月給20万600円,14時間前,株式会社クライム
株式会社キョウデン大阪工場,システムエンジニア,泉大津市 北助松駅 徒歩10分,年収380万円～420万円,14時間前,株式会社キョウデン大阪工場
株式会社クラックスシステム,SE・PG 選べるスキル・キャリア／賞与昨年度平均5か月分／...,大阪市 本町駅 徒歩10分,年収264万円～,14時間前,株式会社クラックスシステム
株式会社ルトラ 大阪をはじめ、京都・兵庫・滋賀な...,ITエンジニア／残業は月6.8時間／年間休日125日以上／エ...,大阪市 本町駅 徒歩3分,年収288万円～840万円,14時間前,株式会社ルトラ
株式会社アウトソーシングテクノロジー 兵庫県たつ...,医療機器のメンテナンス,兵庫県 たつの市,年収333万円～,14時間前,株式会社アウトソーシングテクノロジー
株式会社テイクーワン,COBOLエンジニア 残業代100%支給,大阪市 京橋駅 徒歩5分,月給30万円～,14時間前,株式会社テイクーワン
サイバーワークス株式会社,エンジニア 残業代完全支給・年間休日126日・充実の福利厚生,大阪市 淀川区,月給21万円～30万円,14時間前,サイバーワークス株式会社
共同エンジニアリング株式会社,建設総合職／定着率91%!街づくりに携わる、スケールの大きな...,大阪府,"月給20万5,000円～",14時間前,共同エンジニアリング株式会社
株式会社ベニコムフューチャー,平均残業10時間以下!将来性抜群のJavaエンジニア,大阪市 大阪駅,年収260万円～330万円,14時間前,株式会社ベニコムフューチャー
日本ナレッジスペース株式会社,システムエンジニア、プログラマ,大阪市 中之島駅 徒歩7分,年収350万円～,14時間前,日本ナレッジスペース株式会社
株式会社トーヤシステム,ネットワーク、サーバ、DBエンジニア,京都市 下京区,年収360万円～600万円,14時間前,株式会社トーヤシステム
株式会社チェプロ,自社ERPパッケージの開発に最上流から携われるSE・PG／1...,大阪市 中央区,月給30万円～,14時間前,株式会社チェプロ
株式会社トゥインクル,システム運用エンジニア 即日入社可能!年間休日120日!残業...,大阪府,月給20万円～55万円,14時間前,株式会社トゥインクル
アイコム株式会社,ITエンジニア,大阪市 淀屋橋駅 徒歩2分,月給30万円～50万円,14時間前,アイコム株式会社
株式会社ユニバーサルソリューション総研,システムエンジニア,兵庫県 尼崎市,年収420万円～700万円,14時間前,株式会社ユニバーサルソリューション総研
ビートテック株式会社,ITエンジニア／中途入社者は全員、年収UPを達成中!定着率9...,大阪市 西梅田駅 徒歩3分,年収350万円～,14時間前,ビートテック株式会社
株式会社アウトソーシングテクノロジー 今回のプロ...,カーマルチメディアのソフトウェア開発,三田市 三田駅,年収380万円～,14時間前,株式会社アウトソーシングテクノロジー
日本ビジネスアート株式会社,グラフィックデザイナー,大阪市 本町駅,年収500万円～840万円,14時間前,日本ビジネスアート株式会社
株式会社リソップ 神戸旧居留地オフィス,ITエンジニア,大阪市 谷町四丁目駅 徒歩8分,年収312万円～800万円,14時間前,株式会社リソップ
アイテックソリューション株式会社,ロボット掃除機の機構・筐体設計 3DCAD エンジニア,滋賀県 草津市,年収300万円～,14時間前,アイテックソリューション株式会社
株式会社HDフラワーホールディングス,システムエンジニア,堺市 東湊駅,年収450万円～600万円,14時間前,株式会社HDフラワーホールディングス
株式会社三友,システムエンジニア,大阪市 四ツ橋駅,年収240万円～,14時間前,株式会社三友
ムトーアイテックス株式会社,アプリケーションエンジニア,大阪府,月給21万円～45万円,14時間前,ムトーアイテックス株式会社
キステム株式会社,システムエンジニア,大阪市 大阪駅,年収228万円～420万円,14時間前,キステム株式会社
ヴェオリア・ジェネッツ株式会社 関西事務所,水道管の調査スタッフ 未経験歓迎! 残業ほぼナシ 土日祝お休...,大阪市 西中島南方駅,"年収192万円～269万6,760円",14時間前,ヴェオリア・ジェネッツ株式会社
株式会社システムフェイス,システムエンジニア,大阪市 中央区,年収320万円～600万円,14時間前,株式会社システムフェイス
株式会社グローバルサイバーグループ,Android、Objective-C、C++、C#のいずれ...,大阪市 大阪駅 徒歩3分,月給22万円～28万円,14時間前,株式会社グローバルサイバーグループ
株式会社with,システムエンジニア 855,大阪市 肥後橋駅,年収500万円～800万円,14時間前,株式会社with
FutureRays株式会社 ⼤阪、京都、兵庫、...,IT業界、未経験採用,大阪市 北区,年収250万円～750万円,14時間前,FutureRays株式会社
株式会社フェローシップ,未経験歓迎 人を幸せにして稼げるキャリアアドバイザー 年間休...,大阪市 難波駅 徒歩1分,年収300万円～600万円,14時間前,株式会社フェローシップ
株式会社エス・アイ・エス,システムエンジニア、プログラマー,大阪市 浪速区,年収350万円～500万円,14時間前,株式会社エス・アイ・エス
株式会社インネット,SE、PG,大阪市 堺筋本町駅 徒歩5分,年収390万円,14時間前,株式会社インネット
株式会社ジェイエスキューブ,サポートエンジニア 東証一部上場企業のグループ 賞与実績4....,大阪市 阿波座駅 徒歩5分,年収350万円～640万円,14時間前,株式会社ジェイエスキューブ
株式会社ハイブリッド 西日本事務所,未経験からはじめるシステムエンジニア 残業月10時間以下,大阪市 淀川区,年収270万円～,14時間前,株式会社ハイブリッド
株式会社日本ブレーン 秋葉原オフィス,ITエンジニア 年間休日128日、有給休暇の消化数は18.6...,大阪市 堺筋本町駅 徒歩6分,年収300万円～540万円,14時間前,株式会社日本ブレーン
株式会社エージェント 福岡オフィス,未経験から始めるPRプランナー 月給25万円以上／残業1日平...,大阪市 北新地駅 徒歩3分,年収300万円～420万円,14時間前,株式会社エージェント
株式会社ルトラ 大阪オフィス,ITエンジニア エン転職で初の募集!／残業は月6.8時間／エ...,大阪市 中央区,年収288万円～840万円,14時間前,株式会社ルトラ
株式会社アウトソーシングデザイナー,ブランクのある方、経験の浅い方も安心の研修制度,大阪市 大阪駅,年収260万円～280万円,14時間前,株式会社アウトソーシングデザイナー
株式会社ニューロテックシステム,WEBエンジニア・基幹系エンジニア,大阪市 本町駅 徒歩2分,年収260万円～,14時間前,株式会社ニューロテックシステム
株式会社アンクシステムズ 東京オフィス,ソフトウェアエンジニア／プログラマ,大阪市 心斎橋駅 徒歩4分,年収264万円～396万円,14時間前,株式会社アンクシステムズ
株式会社freemova,新卒エンジニア採用担当 メンバー,大阪市 西区,年収300万円～400万円,14時間前,株式会社freemova
株式会社ドリームジャック,WEB系エンジニア 案件希望は約90%通ります!年間休日12...,大阪市 西中島南方駅 徒歩5分,年収360万円～600万円,14時間前,株式会社ドリームジャック
株式会社ゼネック,ITエンジニア,京都市 烏丸御池駅,年収350万円～600万円,14時間前,株式会社ゼネック
株式会社ギガ・システム,システムエンジニア 賞与年2回 +期末賞与,大阪市 新大阪駅 徒歩5分,年収300万円～720万円,14時間前,株式会社ギガ・システム
株式会社エービット,医療システムのITエンジニア 未経験歓迎,大阪市 西中島南方駅 徒歩5分,年収350万円～400万円,14時間前,株式会社エービット
株式会社ストーム,カスタマーサポート・ユーザーサポート,大阪市 天満橋駅,年収240万円～400万円,14時間前,株式会社ストーム
